symbol,direction,entry_time,exit_time,entry_price,exit_price,quantity,pnl,pnl_pct,duration_hours,exit_reason,signal_score,commission_total
BTC-USDT,LONG,2025-09-14 23:30:00,2025-09-15 01:00:00,115319.10389999999,114667.5177,0.006070113071698956,-4.372828788812618,-0.6246898269732312,1.5,stop_loss,70.0,0.8376268788540248
BTC-USDT,LONG,2025-09-15 01:00:00,2025-09-15 04:15:00,114897.0823,115792.092,0.006089488853667636,5.027082799928359,0.7184990499972076,3.25,take_profit,70.0,0.8428674933369842
BTC-USDT,SHORT,2025-09-15 04:15:00,2025-09-15 05:30:00,115792.092,116448.33199999998,0.006045205676668271,-4.389478243843612,-0.6270799556846905,1.25,stop_loss,70.0,0.8423646777099876
BTC-USDT,SHORT,2025-09-15 05:30:00,2025-09-15 07:30:00,116215.668,115870.05429999999,0.0060250545885808015,1.6634673676578937,0.2375683693699685,2.0,take_profit,70.0,0.8389974876526227
BTC-USDT,LONG,2025-09-15 07:30:00,2025-09-15 08:45:00,115870.05429999999,114560.42490000001,0.00604126108557121,-8.327066792876753,-1.1895788461194985,1.25,stop_loss,70.0,0.8352544121522916
BTC-USDT,LONG,2025-09-15 08:45:00,2025-09-16 05:00:00,114789.7751,115670.0142,0.006092780952731482,4.940252786737576,0.706367000696394,20.25,take_profit,70.0,0.8424846087705303
BTC-USDT,LONG,2025-09-16 08:30:00,2025-09-16 13:30:00,115685.56999999999,114907.4775,0.006048337736993125,-5.123165770076879,-0.7321889726609799,5.0,stop_loss,70.0,0.8368227786494988
BTC-USDT,SHORT,2025-09-16 15:30:00,2025-09-16 15:45:00,115184.10059999999,116016.00009999999,0.00607130138433282,-5.47333344718291,-0.7826680031045878,0.25,stop_loss,70.0,0.8422112948626783
BTC-USDT,SHORT,2025-09-16 15:45:00,2025-09-16 17:15:00,115784.1999,116840.02329999999,0.006042378710744008,-6.803279836075682,-0.9724361484143912,1.5,stop_loss,70.0,0.8433621923202252
BTC-USDT,SHORT,2025-09-16 17:15:00,2025-09-17 14:15:00,116606.5767,115715.70009999999,0.006003087878157723,4.931219608444766,0.7044604199756237,21.0,take_profit,70.0,0.8367906262104498
BTC-USDT,SHORT,2025-09-17 17:30:00,2025-09-17 18:30:00,115859.92409999999,114970.6558,0.006038037711964257,4.9529172381605235,0.7079979664167553,1.0,take_profit,70.0,0.8362582479064671
BTC-USDT,SHORT,2025-09-17 19:15:00,2025-09-18 02:45:00,115575.309,117025.7088,0.00604914837352121,-9.198427116754097,-1.315692113165797,7.5,stop_loss,70.0,0.8442228411025487
BTC-USDT,LONG,2025-09-18 06:00:00,2025-09-19 09:45:00,117157.04,116324.4591,0.005972216903986844,-5.389182665507073,-0.7702273593289835,27.75,stop_loss,70.0,0.8366412934159254
BTC-USDT,SHORT,2025-09-19 21:45:00,2025-09-20 07:30:00,115293.8907,115971.9561,0.0060652010337420206,-4.534638901838332,-0.6484719781080233,9.75,stop_loss,70.0,0.8416043118483502
BTC-USDT,LONG,2025-09-20 09:30:00,2025-09-20 14:30:00,115727.9123,115764.12,0.006044432851688986,-0.20098205862082616,-0.02873185158115133,5.0,take_profit,70.0,0.8395428269630206
BTC-USDT,LONG,2025-09-20 17:00:00,2025-09-20 18:45:00,115956.74089999998,115538.54579999999,0.006032130097720003,-2.9407733731691104,-0.420431122585977,1.75,stop_loss,70.0,0.8378458118300345
BTC-USDT,LONG,2025-09-20 18:45:00,2025-09-21 01:45:00,115769.85419999999,115323.0615,0.006039835844434551,-3.116473980814216,-0.4457002563107581,7.0,stop_loss,70.0,0.8374579653838511
BTC-USDT,SHORT,2025-09-21 02:45:00,2025-09-21 16:15:00,115518.46590000001,115476.06069999999,0.006050836883776781,-0.1626491361420142,-0.02326938486462112,13.5,take_profit,70.0,0.8386261209011021
BTC-USDT,SHORT,2025-09-21 17:45:00,2025-09-21 22:00:00,115449.3351,115289.2741,0.006053796054388813,0.5502139986655789,0.07872495364419083,4.25,take_profit,70.0,0.8381066891820732
BTC-USDT,SHORT,2025-09-21 22:30:00,2025-09-22 00:30:00,115339.0455,114890.8761,0.00605848809002352,2.2975899695104496,0.3288000804029534,2.0,take_profit,70.0,0.8369071427883891
BTC-USDT,SHORT,2025-09-22 05:15:00,2025-09-22 05:45:00,114351.2343,113707.89429999999,0.006108649270158168,3.5131774341474733,0.5029375213486533,0.5,take_profit,70.0,0.8358799376851785
BTC-USDT,SHORT,2025-09-22 10:45:00,2025-09-22 14:15:00,112619.9673,113438.22489999999,0.006199593139672667,-5.494826707964926,-0.7870012362718762,3.5,stop_loss,70.0,0.840881290517955
BTC-USDT,SHORT,2025-09-22 14:15:00,2025-09-22 17:00:00,113211.57509999999,112361.24899999998,0.00616981271438158,4.830404065540141,0.6915453211462347,2.75,take_profit,70.0,0.8350452468906837
BTC-USDT,LONG,2025-09-22 17:45:00,2025-09-23 02:45:00,112437.32499999998,111644.244,0.006208512321020109,-5.339739958733789,-0.7649306370459958,9.0,stop_loss,70.0,0.8347279092300105
BTC-USDT,SHORT,2025-09-23 04:45:00,2025-09-23 07:45:00,112272.51509999999,113149.43639999998,0.006214035699732815,-5.871089046372578,-0.8415336211168455,3.0,stop_loss,70.0,0.8404680324746633
BTC-USDT,LONG,2025-09-23 09:45:00,2025-09-23 16:00:00,112991.17829999999,112411.17629999999,0.0061773674731773484,-3.9995285756361003,-0.5730081901269926,6.25,stop_loss,70.0,0.8354359042101758
BTC-USDT,LONG,2025-09-23 16:00:00,2025-09-23 17:30:00,112636.22369999999,111858.03,0.006194088581548078,-5.235915839229059,-0.7504766142119774,1.5,stop_loss,70.0,0.8343223760797963
BTC-USDT,SHORT,2025-09-23 21:15:00,2025-09-24 05:45:00,111899.38859999999,112700.6881,0.006231338161866787,-5.414533812610532,-0.7765189101846516,8.5,stop_loss,70.0,0.8397354174593503
BTC-USDT,LONG,2025-09-24 13:45:00,2025-09-24 14:30:00,112883.07029999999,113206.2804,0.006179612841060894,1.5775706938914964,0.22615112353124148,0.75,take_profit,70.0,0.8382867928877038
BTC-USDT,LONG,2025-09-24 19:00:00,2025-09-25 00:45:00,113649.536,112889.29770000001,0.006138650690299869,-5.082630144239436,-0.7285308042260575,5.75,stop_loss,70.0,0.8343856607233393
BTC-USDT,SHORT,2025-09-25 08:00:00,2025-09-25 12:15:00,111831.6564,111175.36429999999,0.006234994092485363,3.6760707226606963,0.5272092897481402,4.25,take_profit,70.0,0.8342684739883566
BTC-USDT,SHORT,2025-09-25 13:15:00,2025-09-25 17:00:00,111453.1353,110220.00989999998,0.006253075590220949,7.297297906345802,1.0470709423461315,3.75,take_profit,70.0,0.8316833599545742
BTC-USDT,SHORT,2025-09-25 22:00:00,2025-09-26 18:15:00,109361.9286,110233.92379999999,0.006367178350210043,-5.973276390773853,-0.8578264541322201,20.25,stop_loss,70.0,0.8389235743183199
BTC-USDT,LONG,2025-09-26 19:15:00,2025-09-28 16:45:00,109335.12589999998,110049.24059999999,0.006371756781377238,4.129440985359128,0.5927510946781703,45.5,take_profit,70.0,0.8387182949847145
BTC-USDT,LONG,2025-09-29 02:30:00,2025-09-29 13:30:00,111732.2206,113154.63209999999,0.006237382801807292,8.448651773469612,1.2122901643467268,11.0,take_profit,70.0,0.8416232324301298
BTC-USDT,LONG,2025-09-29 22:15:00,2025-09-30 01:00:00,114143.12909999999,114591.0942,0.006110562867895059,2.317189255047002,0.3322236270111293,2.75,take_profit,70.0,0.838616910908278
BTC-USDT,LONG,2025-09-30 03:15:00,2025-09-30 07:30:00,114395.48119999998,113486.49990000001,0.006098245036653427,-5.958431791981006,-0.8541187026712473,4.25,stop_loss,70.0,0.8338080961114949
BTC-USDT,SHORT,2025-09-30 12:30:00,2025-09-30 18:45:00,113063.6232,113779.56589999999,0.006166132534904232,-4.8355455054590495,-0.6936010162638985,6.25,stop_loss,70.0,0.8392471011785657
BTC-USDT,SHORT,2025-09-30 18:45:00,2025-09-30 19:45:00,113552.23409999999,114417.1028,0.006141803951181637,-5.733490447349243,-0.8221053236679616,1.0,stop_loss,70.0,0.8400857844724066
BTC-USDT,LONG,2025-09-30 22:30:00,2025-10-01 08:15:00,113980.66679999999,114927.2577,0.006121464309909557,5.372408546687431,0.7699854457949269,9.75,take_profit,70.0,0.8407510140493328
BTC-USDT,LONG,2025-10-01 17:30:00,2025-10-01 23:15:00,117237.22009999999,118186.0956,0.005954383319889381,5.227733260081656,0.7488780797524295,5.75,take_profit,70.0,0.841080398470279
BTC-USDT,LONG,2025-10-02 04:15:00,2025-10-02 12:45:00,118662.54399999998,119242.93770000001,0.005885698607618228,2.9949255965270476,0.42881933947078504,8.5,take_profit,70.0,0.8401439774318602
BTC-USDT,LONG,2025-10-02 14:30:00,2025-10-02 16:00:00,119076.15719999999,119975.30459999999,0.005866768779856576,4.852769471980584,0.694649740712326,1.5,take_profit,70.0,0.8414757917203899
BTC-USDT,LONG,2025-10-02 17:15:00,2025-10-02 19:00:00,119517.29789999998,120851.5275,0.005847711141011916,7.378166402325958,1.0556787223851896,1.75,take_profit,70.0,0.8433644749461167
BTC-USDT,LONG,2025-10-02 21:30:00,2025-10-03 08:00:00,120310.18999999999,119361.4191,0.005813221242614487,-5.931739752490837,-0.8481307788309441,10.5,stop_loss,70.0,0.8359584535630292
BTC-USDT,SHORT,2025-10-03 08:45:00,2025-10-03 10:30:00,119900.979,120583.76329999999,0.005829353203685832,-4.401946054774509,-0.6297984922875274,1.75,stop_loss,70.0,0.8411223017784399
BTC-USDT,SHORT,2025-10-03 10:30:00,2025-10-03 15:15:00,120342.8367,121356.93569999999,0.0058097757210077245,-6.314721696061593,-0.9031806056969799,4.75,stop_loss,70.0,0.8425328816775677
BTC-USDT,LONG,2025-10-03 20:00:00,2025-10-05 04:30:00,122162.94089999999,124148.6271,0.005726109133785293,10.943722734100945,1.5644654669082307,32.5,take_profit,70.0,0.8462441515690662
BTC-USDT,LONG,2025-10-05 08:00:00,2025-10-05 09:30:00,124748.72409999999,122822.4546,0.005613324044562462,-11.226440243228298,-1.603193128578054,1.5,stop_loss,70.0,0.8338183500824279
BTC-USDT,LONG,2025-10-05 09:30:00,2025-10-06 01:45:00,123068.34539999998,123851.5245,0.005683344069656006,4.0287417970927,0.5759955437736983,16.25,take_profit,70.0,0.8419983469658383
BTC-USDT,LONG,2025-10-06 04:30:00,2025-10-06 13:00:00,123796.47279999999,124530.5448,0.005651957366976951,3.7266388502339796,0.5326110334219594,8.5,take_profit,70.0,0.8421202299262409
BTC-USDT,LONG,2025-10-06 20:15:00,2025-10-07 02:45:00,125198.07299999999,124061.9139,0.005590532244749544,-6.76787736171754,-0.9669447934234499,6.5,stop_loss,70.0,0.8360975964541792
BTC-USDT,SHORT,2025-10-07 04:30:00,2025-10-07 07:30:00,124407.8676,123770.94729999999,0.0056219974617537395,3.163260339003827,0.4522686084686275,3.0,take_profit,70.0,0.8371564004573105
BTC-USDT,SHORT,2025-10-07 09:00:00,2025-10-07 12:45:00,123935.3406,124995.87099999998,0.005640937105067087,-6.405441592434024,-0.9162260878153337,3.75,stop_loss,70.0,0.8425231848742478
BTC-USDT,SHORT,2025-10-07 12:45:00,2025-10-07 13:30:00,124746.129,123868.64489999998,0.005607157972546267,4.503461331217953,0.6438379447109064,0.75,take_profit,70.0,0.8364133869397035
BTC-USDT,LONG,2025-10-07 13:30:00,2025-10-07 14:00:00,123868.64489999998,122676.1011,0.005643625874459313,-7.145673857113396,-1.0221710762091216,0.5,stop_loss,70.0,0.8348437846425594
BTC-USDT,LONG,2025-10-07 14:00:00,2025-10-07 15:00:00,122921.69889999997,121796.8812,0.005682794312190394,-6.807395602046446,-0.9745194212573404,1.0,stop_loss,70.0,0.8344112130477535
BTC-USDT,SHORT,2025-10-07 19:45:00,2025-10-08 08:30:00,121470.8076,122905.78299999998,0.005746507237635588,-8.669863904862975,-1.2420423471359066,12.75,stop_loss,70.0,0.8425871079549653
BTC-USDT,SHORT,2025-10-08 08:30:00,2025-10-08 17:00:00,122660.217,123760.33669999999,0.0056950096598460944,-6.688082106294263,-0.957421999359402,8.5,stop_loss,70.0,0.8420204602236738
BTC-USDT,LONG,2025-10-08 20:30:00,2025-10-09 01:00:00,123417.29399999998,122454.52290000001,0.005663150763327357,-5.868404944774756,-0.839626101136174,4.5,stop_loss,70.0,0.8354455005347513
BTC-USDT,LONG,2025-10-09 01:00:00,2025-10-09 02:15:00,122699.67709999999,121844.2338,0.005692684901829852,-5.285941656358388,-0.7567663275293042,1.25,stop_loss,70.0,0.8352668576489126
BTC-USDT,SHORT,2025-10-09 05:45:00,2025-10-09 08:15:00,121928.7492,121258.83769999999,0.005725403166568798,3.4189599834157294,0.4897583230354475,2.5,take_profit,70.0,0.8354081880644908
BTC-USDT,SHORT,2025-10-09 09:45:00,2025-10-09 11:15:00,121627.85040000001,122758.7361,0.005736879176585766,-6.910305845554174,-0.9903496096482719,1.5,stop_loss,70.0,0.8412097914772356
BTC-USDT,SHORT,2025-10-09 11:15:00,2025-10-09 12:30:00,122513.4639,123616.2928,0.005698635220703164,-6.7072861079509885,-0.9607096544431253,1.25,stop_loss,70.0,0.8415622202362323
BTC-USDT,SHORT,2025-10-09 12:30:00,2025-10-09 13:45:00,123369.3072,122485.56319999999,0.005662190785232078,4.587805156939171,0.6567700512141695,1.25,take_profit,70.0,0.835246309009984
BTC-USDT,LONG,2025-10-09 13:45:00,2025-10-09 14:30:00,122485.56319999999,121122.45629999999,0.005699706920785449,-8.183527333161779,-1.1722037571363342,0.75,stop_loss,70.0,0.8330965888217918
BTC-USDT,LONG,2025-10-09 14:30:00,2025-10-09 16:45:00,121364.94369999999,119634.5457,0.005747373356363259,-10.357794001378275,-1.4849252778255,2.25,stop_loss,70.0,0.8310684265648258
BTC-USDT,LONG,2025-10-09 16:45:00,2025-10-10 00:15:00,119874.05429999999,121705.7724,0.005812561409235411,10.222520575098027,1.4671186745370746,7.5,take_profit,70.0,0.8425185467557188
BTC-USDT,SHORT,2025-10-10 00:15:00,2025-10-10 02:30:00,121705.7724,121321.19999999998,0.0057307192593795435,1.7867218168593009,0.2561749322582001,2.25,take_profit,70.0,0.8356316107688284
BTC-USDT,LONG,2025-10-10 02:30:00,2025-10-10 13:15:00,121321.19999999998,121790.68740000001,0.005747131155193306,2.2782374311294893,0.3267466754038266,10.75,take_profit,70.0,0.8383175413646321
BTC-USDT,LONG,2025-10-10 14:15:00,2025-10-10 14:45:00,121281.15999999999,120302.6769,0.0057501019983152235,-6.0414292263347935,-0.8663049612487076,0.5,stop_loss,70.0,0.8334790219916094
BTC-USDT,LONG,2025-10-10 14:45:00,2025-10-10 15:15:00,120543.52309999999,119056.72409999999,0.005781537096192977,-9.008982093243834,-1.2926725504507832,0.5,stop_loss,70.0,0.8311546304662842
BTC-USDT,SHORT,2025-10-10 23:30:00,2025-10-13 22:15:00,114369.41609999999,115721.60599999999,0.006087877114152694,-8.654665296266641,-1.2430096367345165,70.75,backtest_end,70.0,0.8404595205687548
